{"FeederHeadLine": "Line.sl_9", "FeederHeadLoading": 0.11299615931815175, "FeederHeadLoadKW": -5.657642094349999, "FeederHeadLoadKVar": 0.34182979839414773, "ReversePowerFlow": false}