{"FeederHeadLine": "Line.sl_9", "FeederHeadLoading": 0.09019217210917903, "FeederHeadLoadKW": -4.511978196989856, "FeederHeadLoadKVar": 0.45881693738396917, "ReversePowerFlow": false}